{"cameraMode":{"drawMode":0,"name":"Shaded","section":"Shading Mode"},"sceneLighting":false,"audioPlay":false,"sceneViewState":{"showFog":false,"showMaterialUpdate":false,"showSkybox":false,"showFlares":false,"showImageEffects":false,"showParticleSystems":false},"in2DMode":false,"pivot":{"x":0.64000004529953,"y":1.349453091621399,"z":1.9611001014709473},"rotation":{"x":-0.04196248576045036,"y":-0.588650107383728,"z":0.030519042164087297,"w":-0.806749165058136},"size":7.417499542236328,"orthographic":false}