{"cameraMode":{"drawMode":0,"name":"Shaded","section":"Shading Mode"},"sceneLighting":false,"audioPlay":false,"sceneViewState":{"showFog":false,"showMaterialUpdate":false,"showSkybox":false,"showFlares":false,"showImageEffects":false,"showParticleSystems":false},"in2DMode":false,"pivot":{"x":0.32499998807907107,"y":-0.581793487071991,"z":1.3506195545196534},"rotation":{"x":-0.461241215467453,"y":-0.3633394241333008,"z":0.21466411650180818,"w":-0.7805308103561401},"size":3.763838291168213,"orthographic":false}