{"cameraMode":{"drawMode":0,"name":"Shaded","section":"Shading Mode"},"sceneLighting":false,"audioPlay":false,"sceneViewState":{"showFog":false,"showMaterialUpdate":false,"showSkybox":false,"showFlares":false,"showImageEffects":false,"showParticleSystems":false},"in2DMode":false,"pivot":{"x":0.016231954097747804,"y":0.2831892669200897,"z":0.6466600894927979},"rotation":{"x":-0.7171939015388489,"y":-0.06523732095956803,"z":0.06791824102401734,"w":-0.6905859708786011},"size":3.1329338550567629,"orthographic":true}