{"cameraMode":{"drawMode":0,"name":"Shaded","section":"Shading Mode"},"sceneLighting":false,"audioPlay":false,"sceneViewState":{"showFog":false,"showMaterialUpdate":false,"showSkybox":false,"showFlares":false,"showImageEffects":false,"showParticleSystems":false},"in2DMode":false,"pivot":{"x":0.0,"y":7.015000343322754,"z":-2.549999952316284},"rotation":{"x":-0.06988551467657089,"y":-0.15468375384807588,"z":-0.010971488431096077,"w":0.9854393005371094},"size":12.557477951049805,"orthographic":true}